,sleep_duration,quality_of_sleep,stress_level,physical_activity_level,daily_steps,age
sleep_duration,1.0,0.8832130004106182,-0.8110230278940436,0.21236031472575895,-0.039532537675731685,0.3447093581647443
quality_of_sleep,0.8832130004106182,1.0,-0.8987520310040412,0.19289645493975385,0.01679141492471703,0.4737338761619895
stress_level,-0.8110230278940436,-0.8987520310040412,1.0,-0.034134463516743103,0.18682895445881678,-0.42234448262025054
physical_activity_level,0.21236031472575895,0.19289645493975385,-0.034134463516743103,1.0,0.7727230504529323,0.17899272043316294
daily_steps,-0.039532537675731685,0.01679141492471703,0.18682895445881678,0.7727230504529323,1.0,0.05797340294567863
age,0.3447093581647443,0.4737338761619895,-0.42234448262025054,0.17899272043316294,0.05797340294567863,1.0
